동,인덱스,면적,가구수,인구,인구밀도,상권월소득금액,상권지출총금액,유동인구(08),유동인구(19),은행,주차장,사업체
사직동,0,1.23,3562,10033,8157,4291098,8957435254,21959.6761,31201.6516,20,373,3489
삼청동,1,1.49,1092,3174,2130,4099527,2008218492,5633.9193,6429.3556,5,205,751
부암동,0,2.27,3841,11217,4941,3405937,8528251720,13198.4521,13310.4906,2,597,575
평창동,0,8.87,6310,19414,2189,4871132,9901824053,22323.2792,19089.9123,4,1622,708
무악동,1,0.36,2823,8619,23942,4392907,7632191367,7593.9292,5165.1192,1,28,573
교남동,1,0.35,1888,4875,13929,4233746,10879446789,8161.2129,8638.0632,2,132,302
가회동,1,0.54,1843,4961,9187,3800261,3607622253,6406.9032,7012.868,3,257,770
종로1.2.3.4가동,2,2.35,3733,8786,3739,3649178,10406897065,40679.3839,90451.2085,53,585,15970
종로5·6가동,1,0.6,2376,6057,10095,3933412.933,7731200120,30088.52716,43561.6321,10,438,7691
이화동,1,0.78,3981,9216,11815,2874885,7489563588,19840.7068,28957.5944,6,441,1248
창신1동,2,0.31,2465,6862,22135,2737359,8804540578,11885.2194,11193.2257,5,162,2273
창신2동,0,0.26,3774,11040,42462,2785995,14306879240,9845.2702,9257.9734,1,244,872
창신3동,1,0.23,2635,7933,34491,3193990,9512342015,5030.8451,3495.3565,0,49,283
숭인1동,2,0.23,2740,7232,31443,3045349,11834633133,8081.5191,8311.4854,1,155,533
숭인2동,2,0.35,4478,9983,28523,3039616,18307301107,14863.0235,13592.5474,4,347,1881
청운효자동,0,2.57,4920,14354,5585,3776452,5426563763,15213.883,14491.1321,4,683,1009
혜화동,1,1.12,9119,20066,17916,3665672,7879010276,42224.8515,46231.5437,5,902,1736
소공동,1,0.95,517,1869,1967,4633265,3386323569,16240.7183,26115.9378,35,140,3929
회현동,0,0.84,2343,6263,7456,3540326,7496747788,19989.7439,24081.8358,21,217,9697
명동,0,0.99,1191,3521,3557,3674432,2543067783,19882.0894,52200.3597,70,277,6778
필동,2,1.14,2168,5101,4475,3381019,5068235575,11820.5467,13298.5843,8,396,3159
장충동,1,1.36,2675,5903,4340,2912395,8883468939,11184.7929,13402.0862,5,340,911
광희동,1,0.74,2269,5817,7861,3004202,5261375253,18336.8639,26455.2317,16,278,9380
을지로동,2,0.6,914,1854,3090,3369673,3168012212,13732.4797,14464.649,11,122,9442
신당5동,2,0.39,4143,10449,26792,3326137,14959198744,12147.8554,12214.5986,2,252,1283
황학동,0,0.33,5301,13287,40264,3341522,15522692747,13777.0971,13773.9113,6,259,1963
중림동,1,0.48,3541,8979,18706,3481885,7887471517,6996.0156,8275.7719,2,105,1005
신당동,2,0.55,3401,9042,16440,3176525,9792357776,23395.4536,20547.619,7,396,12117
다산동,2,0.51,6103,16004,31380,3280315,13955377217,16366.9177,15968.8105,4,667,1387
약수동,2,0.48,7118,19002,39588,4177016,21238086106,17235.0918,15202.2366,2,202,854
청구동,2,0.34,5747,15555,45750,3597867,22323921251,12920.3453,9942.3557,1,255,765
동화동,2,0.26,3774,11683,44935,3376385,11911537984,8815.1404,9912.881,1,246,970
후암동,0,0.86,7184,19684,22888,2968892,10478036641,14755.8759,13049.4844,1,732,840
용산2가동,1,1.96,4820,13106,6687,2912893,7720722178,11569.4422,13027.6569,0,399,574
남영동,1,1.19,3919,8643,7263,3086660,9934334194,17805.2057,21127.1345,8,261,1673
원효로2동,0,0.71,5418,15709,22125,3939851,9237164401,13371.7843,11853.0059,3,300,1190
효창동,1,0.44,3430,9816,22309,3335474,18496744855,10281.2846,10152.2649,1,349,469
용문동,1,0.28,4626,13027,46525,3662096,19819059553,11545.6745,9420.7408,0,327,682
이촌1동,2,2.86,8490,29002,10141,6409027,8275919582,30736.7609,25601.0062,11,70,823
이촌2동,0,1.22,3370,9663,7920,4497663,5544598547,8119.3234,6512.2201,0,63,340
이태원1동,1,0.57,3056,9030,15842,3596899,9897789340,12147.0579,25442.2257,6,428,1714
이태원2동,1,0.86,4058,11154,12970,3350819,7405666468,12742.3934,14814.806,5,696,733
서빙고동,1,2.8,4541,14342,5122,3123340,9222237644,18557.849,20188.8034,2,283,415
보광동,0,0.71,6952,17289,24351,3117066,13560307631,11973.1753,10381.6498,2,366,836
청파동,0,0.91,9567,22366,24578,3025011,17008680801,25185.0678,23561.317,3,904,1915
원효로1동,1,0.59,5599,14330,24288,4091402,9420530191,17114.7112,15301.7527,3,407,1843
한강로동,2,2.9,6194,16424,5663,4323800,5449745189,41197.0598,64141.138,20,444,4892
한남동,1,3.01,9089,24324,8081,4064814,2326829508,31739.3323,38661.7718,9,1262,2055
왕십리2동,1,0.41,6044,16540,40341,3775962,9838903240,16229.2494,12929.3982,0,226,780
마장동,1,1.06,9414,25060,23642,3273410,12323796436,28616.1723,26812.4261,5,706,3238
사근동,1,1.11,6976,12947,11664,4166053,2820363299,22471.2235,25352.6443,4,490,1088
행당1동,2,0.59,5927,15129,25642,3146646,14278914728,29327.0257,40775.8284,5,285,1451
행당2동,1,0.42,8727,26124,62200,3743105,16829954324,18906.2204,14470.7406,2,117,582
응봉동,1,0.57,5572,17019,29858,4149458,14136306977,15521.3693,11470.0261,0,102,375
금호1가동,1,0.46,4876,13780,29957,4042996,14263887067,17276.998,18430.2831,1,74,535
금호4가동,1,0.84,5438,14771,17585,4101221,16866211549,9356.4862,12450.9544,3,137,617
성수1가1동,1,1.98,6432,17557,8867,3703538,8398100625,17239.6077,16164.7925,2,512,1546
성수1가2동,2,0.89,7079,17486,19647,3612111,7891845308,18739.2266,18730.0665,5,785,2198
성수2가1동,0,1.18,7682,20080,17017,3017195,20202466612,19362.1646,19834.954,3,643,2626
성수2가3동,0,1.03,4719,12251,11894,3847019,5791237649,21973.9686,25572.3517,14,706,5056
송정동,0,0.68,4982,12063,17740,2616252,9140745305,11459.8807,7778.4484,0,496,695
용답동,2,2.32,6777,17207,7417,2718477,6488123300,23289.0975,20982.9299,3,528,2055
왕십리도선동,1,0.72,7620,20808,28900,3505598,13198794354,22338.1118,19348.5103,4,362,1906
금호2.3가동,2,0.64,8188,22962,35878,4031211,18335427730,25523.9593,19532.8456,2,342,1008
옥수동,2,1.95,8266,23281,11939,5063718,10685852672,31834.4647,32061.6433,3,147,825
화양동,2,1.16,15466,24419,21051,2655292,8415198012,43610.7723,58641.3808,7,1212,2474
군자동,2,0.74,10846,22091,29853,2837310,8318301401,20840.3407,20666.8933,6,1030,1609
중곡1동,2,0.62,6749,16526,26655,2790828,11547536773,16336.5447,17163.2588,2,1078,1639
중곡2동,2,0.55,8830,22610,41109,2814542,17039006925,18953.4722,15182.6055,4,1409,1660
중곡3동,1,0.6,7229,18120,30200,2699789,10411148892,17295.3207,17302.654,1,1050,1347
중곡4동,0,2.32,11624,32041,13811,3406522.348,14473225187,28704.6695,25381.6719,2,1872,1545
능동,2,1.1,5607,11712,10647,3528027.763,10397154720,16674.7627,18068.845,0,958,758
구의1동,2,0.56,10309,23510,41982,2918606,12716824610,25014.9529,24481.4437,4,1416,1900
구의2동,0,1.39,9358,25879,18618,3643208,8802103744,25040.3801,22771.9089,2,1347,1251
구의3동,2,1.02,10431,30067,29477,4761723,14378446086,36249.7392,40075.631,6,723,2636
광장동,0,2.39,11113,36917,15446,5095610,9041104973,40707.0683,39849.4266,9,336,1402
자양1동,0,0.57,9762,24151,42370,2893437,23139854888,30306.821,27747.7711,4,1279,1736
자양2동,1,1.68,9896,27877,16593,2895805,15002199711,26168.3465,25293.3185,1,1211,1524
자양3동,2,1.2,10067,31227,26023,3646235,10999101539,24236.7629,27534.1828,6,432,1356
자양4동,2,1.16,10431,28033,24166,3638538,10667059585,29049.6485,38053.5502,2,951,2058
회기동,0,0.76,6566,12524,16479,2964046,7528497838,26960.0797,21649.9908,6,531,988
휘경1동,2,0.63,6954,15501,24605,2930172,9773694540,18982.053,20151.3694,2,444,1027
휘경2동,2,1.05,10223,25519,24304,3229751,8434678633,23217.6648,18184.6232,2,777,1197
청량리동,1,1.2,9133,24019,20016,2768214,5065102227,21974.1719,22941.0527,5,417,1683
용신동,2,1.61,13654,33210,20627,2984918,6281742196,42728.6254,39878.95,10,1270,5820
제기동,1,1.18,11371,28850,24449,2939707,6990016139,37076.2975,32658.2093,7,783,4739
전농1동,1,1.19,12819,31254,25830,2779526,20460848605,36562.3085,43859.8285,2,821,2178
전농2동,0,0.86,7261,21234,24691,3445837,10029296650,15752.2312,14470.0133,4,193,875
답십리1동,2,0.81,9885,26582,31645,2856036,19191015299,24903.4084,21841.5417,5,330,2242
답십리2동,0,0.85,10325,29504,36880,2776731,16796212895,24517.0841,21241.6126,2,505,2055
장안1동,0,1.25,13675,38017,30414,3216807,21861847030,37518.8226,34126.833,10,1227,4539
장안2동,0,1.09,11269,32289,29623,2835191,12358798538,26907.8238,32132.3635,2,1019,3204
이문1동,0,1.04,15227,32433,31186,2677082,13418872933,30594.9528,25554.3626,1,892,1486
이문2동,1,0.69,8315,22888,33171,3262801,8504904641,20938.2273,15583.8794,0,276,729
면목2동,0,0.73,10703,27560,37753,2492189,15289523697,22770.327,20785.9663,1,938,2053
면목4동,1,1.11,8295,22345,20314,2651556,11461676448,20012.0282,16465.4655,0,553,1102
면목5동,0,0.64,4602,11607,18136,2524815,13360267832,12597.4108,12472.293,1,520,873
면목7동,0,0.87,9302,24004,27591,2649215,12938609350,20123.9865,18988.1114,2,609,1512
상봉1동,2,0.85,8922,26320,30965,2476427,10048038244,21810.1291,21691.7687,0,476,1124
상봉2동,2,0.68,8379,18629,27396,2745504,12538263843,26541.1945,35137.0081,4,884,2131
중화1동,1,0.68,7604,21283,31299,2507972,20056563222,17715.5702,13681.6804,1,668,1061
중화2동,2,0.98,12234,29090,29684,2346366,9081070998,27269.4914,29194.7997,4,801,2126
묵1동,2,1.2,12134,34885,29071,2962046,13593697586,31441.5764,26481.1599,2,1149,1471
묵2동,1,0.7,7659,19613,28019,3352652,13602133862,19315.2945,19922.7482,3,872,1815
망우3동,0,0.99,7150,18415,18601,2494775,17951464354,14126.1173,10271.9144,1,968,1107
신내1동,1,2.53,12987,42150,16660,3246711,7739472939,33974.5963,34220.8929,2,418,1945
신내2동,1,0.99,8534,23913,24155,3283695,6670782062,19229.5065,16760.3588,3,43,1136
면목본동,0,1.01,14836,36575,36213,2473762,16012921043,32727.7558,31606.9488,3,1244,2498
면목3.8동,0,1.67,11422,28620,17138,2583930,15898849236,20259.0963,21696.1801,1,864,2090
망우본동,1,2.88,12774,33611,11670,2700526,12284302037,30632.257,36058.1409,4,1163,3871
돈암1동,0,0.49,6017,17222,35147,3575220,9347544486,18641.4847,14662.7346,0,97,394
돈암2동,0,0.48,7372,23722,49421,3998588,21633282510,14148.395,9015.4101,4,76,398
안암동,1,1.33,9119,18022,13550,3084897,14316595954,26728.1955,26243.3218,6,831,1462
보문동,1,0.56,6139,15018,26818,3153844,13295024259,18817.4551,16172.0823,4,604,1303
정릉1동,0,0.44,6769,19372,44027,3970114,13819517650,17182.1946,16128.3534,0,311,732
정릉2동,0,1.17,8676,24644,21063,3378621,21733583053,23648.1953,20635.9381,4,632,900
정릉3동,0,3.71,7112,17801,4798,2793845,1704856895,20481.5494,16491.5861,1,680,667
정릉4동,0,3.13,9775,27893,8912,3380661,11751167917,20890.7867,18528.8052,4,595,929
길음1동,1,0.79,11980,38048,48162,3928114,13240367623,34666.984,29622.3221,5,103,968
길음2동,1,0.58,6065,16300,28103,3781568,16721366033,13090.3756,19775.0427,1,327,1296
월곡1동,1,0.81,9655,28751,35495,3542650,17947801275,22706.3666,20270.0476,3,452,1376
월곡2동,2,1.36,8247,21483,15796,3535455,13849114453,26668.2728,29111.1744,5,705,1594
장위1동,0,0.7,8398,23502,33574,2811548,11363751683,20172.306,16683.3301,1,1093,1028
장위2동,1,0.67,7644,20950,31269,2834680,7601187546,14620.8095,15664.3757,3,866,1606
장위3동,0,0.65,5194,14165,21792,2581295,9395124652,8346.0235,7691.1579,0,357,804
성북동,1,2.86,7026,18536,6481,3464021,7996904331,20670.7425,20485.1675,4,1278,1107
삼선동,2,0.92,11391,27936,30365,3173233,11421338259,29285.9729,30593.9238,7,921,1849
동선동,1,0.73,8183,16974,23252,3258945,11615842122,27458.4877,32732.08,2,889,1936
종암동,0,1.46,15619,43496,29792,3205875,6585243440,42578.2291,34827.9834,2,1108,2048
석관동,2,1.73,13876,35725,20650,3704461,4262814993,30195.0256,28810.4185,4,1113,2163
번1동,1,0.55,8924,20541,37347,2503215,9652707493,20246.8575,19919.8062,3,1009,1793
번2동,0,1.25,6955,18746,14997,3038500,18674921512,13276.5997,11218.6308,0,480,656
번3동,0,0.86,7243,20235,23529,2697146,10150165435,16757.7632,14414.0751,1,125,860
수유1동,0,1.07,8725,22927,21427,2431276,10620725489,21283.5767,18745.0656,2,913,1449
수유2동,0,0.73,8256,22644,31019,2742740,19429002150,21120.7274,20228.0436,1,730,1363
수유3동,1,0.86,10033,23953,27852,2638713,18985517679,28161.6596,37676.2905,6,1230,2399
삼양동,0,0.95,10921,30085,31668,2458186,14756040699,25996.2844,24267.6175,1,633,1176
미아동,0,0.73,9625,23756,32542,3107656,10268107498,23481.4311,24781.9252,2,913,1639
송중동,0,1.22,11854,31068,25466,3530374,13121224384,33052.8898,36495.8699,2,1043,1955
송천동,1,0.88,11850,30453,34606,3696249,12527456291,29408.4678,29871.2026,6,912,2128
삼각산동,0,0.62,11225,34782,56100,3029174,13646860356,25413.8502,21291.2821,2,44,781
우이동,0,10.95,7817,21904,2000,2929935,15694013379,20290.8665,17150.2038,2,1006,993
인수동,0,2.93,12238,33332,11376,2477632,11346779457,29761.9541,27044.0458,1,1490,1550
쌍문1동,0,1.24,8113,22590,18218,2653688,13391572226,19763.4841,18773.0427,2,850,928
쌍문2동,0,0.54,7842,21294,39433,3269120.179,15449110316,19552.5508,17577.5499,1,753,1308
쌍문3동,1,0.5,7155,18028,36056,2647914,15326864828,15867.7393,16170.4017,2,816,975
쌍문4동,0,0.52,6788,21102,40581,3104819,12268602468,15076.694,14441.6054,0,167,616
방학1동,1,0.69,11616,31622,45829,2654861,20315708750,23032.4034,29653.454,6,1195,2330
방학2동,0,0.74,8382,22631,30582,2969491,16019964175,15090.4502,15777.9473,0,1290,1244
방학3동,0,2.64,9601,30909,11708,3528027.763,10397154720,24195.1465,19152.4327,3,147,871
창1동,2,0.88,10142,27881,31683,2660141,12881680066,23252.1487,20447.5057,3,400,1404
창2동,0,1.07,10946,31123,29087,2672721,13253377570,28227.7625,26783.0986,1,1067,1398
창3동,0,0.67,6037,15821,23613,2679649,22862312208,13209.6166,12789.7676,0,791,969
창4동,2,0.96,9887,29838,31081,3475547,10677379992,36286.2517,27991.8608,4,100,1284
창5동,2,0.7,9171,27105,38721,3489175,17401086208,26521.9091,31077.7908,3,444,2219
도봉1동,2,8.72,8878,23526,2698,2897525,9438261454,18314.9437,18190.7448,2,1239,1701
도봉2동,2,0.83,10423,29771,35869,3019355,9968826057,24007.1255,20423.4052,3,334,1439
월계1동,2,1.16,9272,22875,19720,3287233,8984487226,25234.1212,23998.6587,2,655,1444
월계2동,2,1.94,11137,28708,14798,2411090,5206978560,20649.2537,16895.069,0,250,922
월계3동,2,1.17,12400,34528,29511,3078747,7442977165,27876.1126,24593.6731,3,71,965
공릉2동,0,6.82,15755,45297,6642,5485430,655921431,49957.5497,47454.1661,7,687,1944
하계1동,1,1.55,10522,29635,19119,4776508,10030281600,27675.3446,25257.2219,3,309,1023
하계2동,1,0.51,8028,25078,49173,3269120.179,15449110316,21142.241,17952.8959,1,15,387
중계본동,2,1.97,8494,28567,14501,3281538,5383321180,21634.0971,20610.9677,2,278,1184
중계1동,0,0.63,8770,29782,47273,4827156,11133375142,24780.6324,21974.7172,3,66,951
중계4동,1,1.7,7829,22707,13357,3099615,14365141603,19893.108,17825.4135,3,158,1044
상계1동,0,5.62,14507,42935,7640,3023939,9243567703,39082.8371,40893.5752,2,689,3133
상계2동,0,0.61,7948,22250,36475,3025239,21972713382,26041.4539,42530.9638,2,573,2459
상계5동,1,0.44,9278,28084,63827,3215180,10834405705,23134.3627,24180.2928,1,836,1568
상계8동,1,0.67,8889,26026,38845,3474556,13552837526,18008.0783,12342.5121,3,25,577
상계9동,1,0.81,8070,23848,29442,3621325,6470121796,18535.9692,14591.6076,4,31,721
상계10동,0,0.8,7015,19709,24636,3528027.763,10397154720,18242.7773,19718.3081,0,24,469
상계3.4동,0,5.62,13242,31990,5692,3148096,9784223919,22129.6319,20560.9311,1,473,1434
상계6.7동,1,1.11,12767,35872,32317,2687528,5163532028,41461.2908,45014.7631,13,148,1910
중계2.3동,1,0.9,14562,40388,44876,3191735,8744229774,40042.4993,39493.9477,2,32,1360
공릉1동,1,1.41,16351,39942,28328,2894210,10544069684,45447.0965,46996.6847,7,1292,2776
녹번동,1,1.79,12221,32347,18071,2710511,15531615545,34582.2114,29913.2238,2,1460,1900
불광1동,2,3.13,15457,42770,13665,3166805,18994439703,37396.4977,40226.9541,5,1174,1640
갈현1동,0,0.97,9527,25892,26693,2589281,14981843513,26360.7366,26933.1554,2,1606,1419
갈현2동,0,0.96,10620,30309,31572,2809182,23249257868,26762.0692,28634.7168,2,1618,1594
구산동,0,1.38,10861,34330,24877,2752910,24601016605,27388.4367,23397.9674,0,1364,1209
대조동,1,0.85,13457,33327,39208,2912808,14901492796,35554.0382,37414.7397,5,1657,2553
응암1동,1,1.2,12220,32806,27338,2982162,18690956177,25663.2479,23372.5751,6,1012,1680
응암2동,1,0.78,8505,23264,29826,3269120.179,15449110316,17645.9437,14578.6664,0,384,610
신사1동,1,0.84,9945,28541,33977,2816680,23496058026,25234.3219,27487.6405,2,1123,1290
신사2동,1,1,7786,22193,22193,2851800,16158167275,17668.4579,15270.0072,0,790,1639
증산동,1,0.81,6985,19978,24664,2928819,24448116541,12746.5068,11702.5611,0,844,1130
수색동,1,1.29,6295,16723,12964,3080562,4751420868,13528.425,11388.3624,2,454,727
진관동,0,11.53,16259,53613,4654,3406522.348,14473225187,67538.0117,65765.4683,5,241,1539
불광2동,0,1.38,11294,29328,21252,2796835,18784853382,22103.5938,19819.0381,1,1749,1347
응암3동,0,0.63,10747,27254,43260,2632068,12081538641,24753.6434,23472.6426,4,1193,1815
역촌동,2,1.16,17573,49903,43020,2811762,23266094486,46525.5099,43301.5182,4,2450,2523
천연동,1,0.97,7468,20114,20736,4003830,4905408730,18623.9727,16267.3096,1,251,922
홍제1동,2,1.23,8821,24438,19868,3106268,9931757149,29342.2101,25273.6415,2,724,1119
홍제3동,1,0.81,7343,19614,24215,3121303,9035080942,18936.3515,19278.1295,3,613,1255
홍제2동,1,1.05,5419,15446,14710,3199729,11148346835,8212.3335,6333.3868,1,228,590
홍은1동,0,1.58,8838,24842,15723,3191885,9393196018,15282.1988,13574.7083,1,484,981
홍은2동,0,2.06,11185,30401,14758,2941419,11334060070,26905.7152,25623.7988,4,1390,1168
남가좌1동,1,0.51,1293,11293,22143,4121973,12226786387,17399.5518,16931.4076,2,253,733
남가좌2동,0,0.77,11427,27549,35778,2926339,16293983540,20621.9715,18448.8904,4,1002,1308
북가좌1동,0,0.52,6485,19844,38162,3533136,11583621072,15093.7615,13588.268,3,313,642
북가좌2동,0,0.84,12532,34629,41225,2692596,17278848817,36285.514,34716.0764,4,1614,2330
충현동,2,1.12,7601,19376,17300,3624598,6198584797,33918.6711,42254.2629,8,898,1812
북아현동,1,0.46,4075,11154,24248,3100753,15840565135,32681.314,21688.4004,2,282,790
신촌동,1,2.63,11277,22545,8572,2940688,3472192622,68998.959,82304.1111,12,1293,3642
연희동,0,3.05,17270,41860,13725,3080319,8573711915,47841.3084,39792.4796,7,2490,2248
용강동,2,0.84,7848,22138,26355,4635494,11292839938,25427.2583,25227.8905,7,362,2608
대흥동,2,0.88,7167,15405,17506,2888896,5640920801,25995.2426,28329.0944,6,498,1583
염리동,1,0.43,6186,16005,37221,3321730,11222598946,12348.9422,10579.7709,0,273,720
신수동,1,0.78,8250,20230,25936,3989514,12261527268,20960.8237,17011.8188,1,702,1174
서교동,1,1.65,13857,28125,17045,3548309,15668994535,60044.0516,151177.2956,23,2946,9536
합정동,2,1.69,8039,19986,11826,3288984,19125035763,21226.5224,25416.765,5,1279,2049
망원1동,1,1.14,9038,22751,19957,2993223,19626544840,20313.6873,19866.0738,2,1126,1771
망원2동,0,0.67,7527,20809,31058,3028847,16447745961,20077.9587,19397.2737,2,869,1362
연남동,0,0.65,8149,19157,29472,3207936,16157703922,20425.0509,23270.0285,1,1270,1506
성산1동,1,0.8,8368,21272,26590,3153904,19817909473,22377.1675,20114.0581,2,1314,1539
성산2동,2,2.07,14397,40265,19452,3864472,18911297959,40941.4855,40163.5585,4,716,1782
상암동,2,8.4,11513,33875,4033,4405380,7627573140,41044.1055,39912.5445,11,407,2341
도화동,2,0.62,8404,23403,37747,4371253,15631463265,22712.7696,24453.078,8,304,2012
서강동,1,1.45,11186,26655,18383,4391840,8319421050,29533.4031,28318.0153,4,905,1699
공덕동,2,1.01,14845,39391,39001,3261109,13767652078,36629.5103,30678.4398,9,786,2764
아현동,2,0.76,10207,28884,38005,3229462,19229189364,29182.3766,26821.9022,7,148,1745
목1동,1,1.41,9974,33380,23674,4978558,18077288760,43451.9208,62216.5878,14,265,2943
목2동,1,1.03,11145,31694,30771,3118175,17013269054,27224.5531,24588.7349,2,1252,1139
목3동,1,0.53,8129,22050,41604,3371610,17376017111,20220.3384,20608.2274,4,970,1242
목4동,0,0.57,9184,28044,49200,3328341,22013683130,17113.213,15187.5999,3,1055,1326
신월1동,0,0.65,9247,23851,36694,2629472,10766413332,16641.7616,15326.3347,3,1410,1775
신월2동,1,0.61,7874,23422,38397,3269120.179,15449110316,15890.4532,15332.7794,2,661,1239
신월3동,0,0.87,7188,18461,21220,2362645,10779220620,14488.8873,14667.2259,1,559,958
신월4동,0,0.52,6401,19914,38296,2855855,12707006498,14115.1865,12821.6355,1,524,1164
신월5동,0,0.69,5548,16490,23899,3528027.763,10397154720,11850.0354,11699.8342,0,721,1010
신월6동,0,0.41,4109,11841,28880,3291392,9804513793,6125.8415,7251.673,2,274,1460
신월7동,0,1.19,8360,23919,20100,2617402,8530283074,20955.0758,19741.4437,2,652,1391
신정1동,1,0.7,5698,18979,27113,3935199,20730154789,16425.4102,16596.0798,3,246,1099
신정2동,0,0.52,6697,21953,42217,5097571,16439786510,15397.3682,14399.6486,1,268,1104
신정3동,0,2.72,18767,55866,20539,2995812,16760983057,39480.3068,33245.4543,1,637,1882
신정6동,1,0.96,7737,26375,27474,3269120.179,15449110316,20316.8092,15274.8149,6,48,738
신정7동,1,1.21,10709,32030,26471,3222210,11666199193,24619.6867,22737.2384,2,131,991
목5동,0,1.81,12863,44545,24610,3406522.348,14473225187,42162.7542,41416.3421,9,76,1525
신정4동,1,1.01,14193,36196,35838,2982048,22094695173,34164.7627,33940.6026,8,2062,3122
염창동,1,1.74,13241,42118,24206,4150504,12498454732,34022.953,28639.3733,3,464,2149
등촌1동,2,0.59,9392,22726,38519,3739189,18642854320,19883.431,18907.2534,5,501,1939
등촌2동,1,0.92,7457,21706,23593,3497233,14559708964,17369.81,12872.8104,1,836,735
등촌3동,2,0.79,13678,35567,45022,3906529,16941257968,28313.1854,37666.5259,4,248,2627
화곡본동,0,1.11,13764,36575,32950,2718186,18555577420,31373.4896,26812.7024,2,2015,1355
화곡2동,0,0.47,7339,20246,43077,2630442,34060595197,15568.0353,14249.3449,0,1123,852
화곡3동,2,0.51,8194,23556,46188,2696997,19396482334,16421.0539,16203.2704,3,878,1227
화곡4동,0,0.82,8802,23382,28515,2905862,21877314245,19869.2991,17655.6336,2,1391,1444
화곡6동,0,1.12,9553,25778,23016,3269120.179,15449110316,25137.6378,23786.7073,5,1167,1850
화곡8동,2,0.53,10104,27311,51530,2661665,36786853310,31634.0778,28341.642,3,1392,1230
가양1동,2,4.7,8736,24996,5318,2976121,4761359327,35617.3516,31982.0774,7,384,1809
가양2동,1,1,7482,16775,16775,3705682,13352858010,14664.5435,16053.5477,3,47,640
가양3동,2,0.99,7433,17696,17875,3528027.763,10397154720,13260.0449,10912.4416,0,45,933
발산1동,2,2.96,12678,40424,13657,3285970,5368371264,35148.7462,33594.991,5,695,2322
공항동,2,10.87,8659,21088,1940,2734785,10775531839,39081.4888,36536.9672,9,1434,1973
방화1동,1,1.04,14570,43914,42225,3406522.348,14473225187,35438.4606,33533.2795,3,993,2879
방화2동,2,6.41,9893,25212,3933,2963414,10892407507,33559.3549,40255.0307,3,1100,2932
방화3동,1,2.38,10324,26257,11032,3294400,6900793081,21138.601,18043.0483,2,236,932
화곡1동,2,1.12,21425,53295,47585,2633503,23773609911,51235.2565,50177.8626,2,2589,3126
우장산동,2,1.36,14912,47069,34610,3124204,24940003885,39458.9112,36889.9162,5,1092,1708
신도림동,2,1.47,12404,38233,26009,4157954,10009712103,34901.9632,39843.89,5,266,2835
구로1동,1,1.02,7469,22886,22437,3536396,6621023114,16741.8823,15643.685,0,61,626
구로3동,2,1.02,12548,28449,27891,2744683,12840416927,30968.0612,35384.5334,18,372,6881
구로4동,2,0.46,10081,29517,64167,2898805,18015529872,17742.5787,18187.1784,5,243,2023
구로5동,2,1.03,12670,34993,33974,3612915,13578462478,34968.4968,40716.996,5,949,4857
고척1동,1,1.16,8883,25646,22109,3349517,6285928848,25551.7363,30948.3303,4,505,2629
고척2동,0,1.02,10840,30491,29893,2740365,6916865057,20829.0272,17584.1182,2,1275,1427
개봉2동,1,0.8,11657,34765,43456,3135457,12190274005,28540.7586,25301.8655,3,890,1133
개봉3동,0,0.81,7768,22472,27743,2700584,17042370107,17852.6822,15917.4421,2,965,1012
오류1동,1,0.59,8572,21999,37286,3251518,12966073355,15146.8496,15216.7142,4,577,1121
오류2동,0,4.6,15026,46230,10050,2941160,14431983668,46347.1328,41281.5767,1,620,1573
수궁동,2,2.67,8772,25832,9675,2886984,7084539372,24948.5056,25201.7011,1,770,1272
가리봉동,1,0.4,5029,18934,47335,3269120.179,15449110316,8671.6158,9181.8486,1,310,976
구로2동,1,1.76,12153,38125,21662,2877863,11690660854,36201.3499,39632.6924,14,1344,7912
개봉1동,0,1.31,12656,36032,27505,2756418,12666729846,27695.0904,30219.3675,3,1072,1756
가산동,1,2.52,10348,23926,9570,2583164,19516353474,39411.7789,44621.9979,27,820,13752
독산1동,1,2.09,13476,34010,16273,2641541,15550268444,31232.9936,30070.1913,7,1094,3922
독산2동,0,0.6,8600,23644,39407,2885583,13529443399,14890.3611,13592.5025,1,1180,1178
독산3동,0,0.92,10825,32016,34800,2512987,15881472878,21541.099,20904.5646,3,1357,2190
독산4동,0,0.59,7100,19806,33569,2466438,10239185948,12434.8587,12598.9849,2,1133,1011
시흥1동,0,1.71,13584,38520,22526,2889357,16357605037,29242.4233,34877.7005,8,1395,2986
시흥2동,0,1.26,7976,24445,19401,2516170,10797140784,16279.6931,13715.8546,1,100,576
시흥3동,0,1.07,4416,12689,11859,2724408,5628095695,12436.1004,13669.7993,4,517,3340
시흥4동,0,0.87,8411,23953,27532,2547899,14968954945,14863.1957,11593.4966,2,1039,859
시흥5동,0,1.39,8707,23158,16660,2479639,8184099611,12969.1749,12935.2718,0,758,1173
여의동,2,8.41,10910,34094,4054,5831051,8925263564,64149.5075,69774.7328,67,0,7966
당산1동,2,0.75,8532,21433,28577,3656808,11275946820,20645.7973,23691.9844,6,311,3183
당산2동,1,1.55,14390,36016,23236,4160974,14227085566,45767.0193,40761.2499,6,421,2306
양평1동,1,0.88,6971,17334,19698,3532400,6951722160,19322.4302,17263.5029,3,285,3246
양평2동,0,3,7951,22227,7409,3512048,6177450694,26906.636,26098.5158,3,387,2154
신길1동,1,0.66,9079,22246,33706,3437865,12894526971,19073.5497,17440.3634,2,784,1176
신길3동,0,0.48,5894,16576,34533,2604895,9750569441,16545.1937,15466.1997,5,324,985
신길4동,0,0.35,4570,13186,37674,2761457,11698733530,7206.1817,6278.2624,1,231,491
신길5동,1,0.47,5772,17854,37987,2907094,9453784375,7612.7083,8568.4593,0,648,655
신길6동,2,0.68,8386,23903,35151,3257897,6977025569,20995.6988,21460.9154,1,486,1277
신길7동,1,0.64,5199,15212,23769,3469055,8272599333,14171.7788,12580.0957,0,240,533
대림1동,0,0.49,6044,18946,38665,2943063,9256443738,12482.8899,13571.5185,5,1065,1128
대림2동,2,0.55,6091,24461,44475,2923602,9551564106,14138.2277,16572.1962,1,1560,1390
대림3동,1,1,10046,31178,31178,2644848,9605783046,27127.0441,28216.3299,7,1384,2807
영등포본동,1,1.02,9118,26898,26371,3003472,12179209780,24090.3692,26808.8457,0,484,1470
영등포동,0,1.26,9455,20471,16247,3933523,9053870906,44858.9667,73358.5628,18,272,6524
도림동,0,0.89,8523,23650,26573,3725064,8484698060,17109.07,16078.9287,1,648,984
문래동,0,1.49,10814,32126,21561,4122943,7395841021,39488.8497,43000.6119,9,220,5403
노량진2동,2,0.64,6546,15374,23652,3422685,7775336852,20418.7704,22551.1957,4,508,1554
상도1동,1,1.51,19365,48387,32044,3406522.348,14473225187,59333.4717,45429.3627,4,1239,1704
상도2동,1,0.98,9970,24880,25649,2991045,20821805247,24330.8501,21972.7729,4,664,1287
상도3동,0,0.6,9690,25490,42483,3269120.179,15449110316,19926.0272,16134.1747,3,1236,946
상도4동,0,0.75,11234,30151,40201,2808673,13717482374,25015.1179,23388.9388,1,1729,983
사당1동,2,0.79,10633,23877,30224,3301899,16193554161,27840.353,30298.7439,8,1533,1845
사당3동,1,0.92,8843,24835,26995,4093822,14761120467,19830.5545,18222.1607,1,561,1005
사당4동,1,0.38,5907,15279,40208,2914851,22965234703,15108.7569,13309.7196,1,813,684
사당5동,1,0.57,5257,13718,24067,3528027.763,10397154720,10887.4861,8438.8233,0,564,506
대방동,1,1.55,14460,40321,26014,3509525,22562252752,40735.4049,35104.2036,5,1015,1660
신대방1동,1,0.62,9009,28145,45395,3917150,12552132571,18431.6115,15105.7468,2,605,1060
신대방2동,0,1.03,7944,21587,20958,3528027.763,10397154720,24338.7398,25728.725,6,737,1219
흑석동,0,1.68,14705,35941,21393,3704363,5167601445,36569.8103,35796.6897,6,809,1495
노량진1동,2,1.58,16295,33850,21424,3406522.348,14473225187,50221.3198,50485.024,4,635,2148
사당2동,2,2.75,11142,30939,11251,3406522.348,14473225187,38122.3827,41961.7053,2,665,1651
보라매동,0,0.76,10455,26976,35495,2520908,15629102754,23030.2722,18713.9002,3,1050,1397
청림동,0,0.3,6070,17128,57093,3586189,15065079473,10235.3321,9841.646,0,101,443
행운동,2,0.72,14676,30368,42178,3065326,25246600871,30038.5144,27224.6657,4,1158,1464
낙성대동,1,2.27,9262,18368,8092,2894337,14068073687,27318.3761,32021.8335,3,806,1265
중앙동,1,0.39,7341,15359,39382,3405214,22298782563,15996.9312,15861.0224,3,599,1086
인헌동,0,1.08,12839,28098,26017,2965083,20887425106,25275.9258,22213.1181,5,1131,1047
남현동,2,3.27,7705,18568,5678,3584316,8895469511,26810.0055,26423.7454,1,785,874
서원동,1,0.65,11642,24108,37089,2589949,19820982311,26696.6499,28090.3988,3,1170,1296
신원동,0,0.55,8518,20389,37071,2622062,12237464543,16972.9823,15138.5896,1,1005,851
서림동,0,0.99,12620,25468,25725,2705427,15383702173,20839.5028,15770.4051,1,1042,1316
신사동,1,0.64,11160,26976,42150,2730270,21080234634,24519.4169,19608.6466,2,1834,1422
신림동,2,0.54,12726,20867,38643,2724616,23685654749,31473.1535,37591.8858,1,1035,1623
난향동,0,0.8,5818,17257,21571,2873246,8136560882,12607.5926,9603.6958,0,246,420
조원동,0,0.67,8297,20489,30581,2799160,21009384430,25156.3334,26935.7653,2,1062,2184
대학동,0,8.3,13540,23766,2863,2627005,24753528237,35171.3917,34335.31,6,1250,1701
은천동,1,0.78,13963,36699,47050,3244658,15686570631,28980.4581,27242.037,0,997,1596
성현동,0,0.68,11871,34294,50432,3406481,18534670776,30796.862,26094.9288,0,365,880
청룡동,1,1.18,15766,30849,26143,2784885,10408793923,37047.6277,35630.5912,7,1181,1866
난곡동,0,0.96,11627,30810,32094,2528483,19875130447,19388.5832,19217.9263,1,1038,959
삼성동,0,2.66,10327,28164,10588,2425076,10508930374,23595.9751,22029.7178,0,409,1062
미성동,0,1.38,12413,34030,24659,2508741,14794518136,24473.9169,20785.8696,4,1240,1625
서초1동,2,1.42,8025,21385,15060,5350092,10640028963,30074.5367,31146.5433,10,998,3626
서초2동,0,1.24,7466,21467,17312,5182070,9810426878,34361.3811,40284.6324,28,495,4406
서초3동,2,2.93,10743,30491,10406,5725397,9650076523,54055.1943,60545.4648,30,1594,7466
서초4동,2,0.88,8834,29056,33018,6758169,14194484875,37571.5076,50073.8919,16,252,2916
잠원동,2,1.76,12096,34015,19327,5992333,14235666179,41252.4216,37138.5397,10,613,2273
반포본동,2,1.01,3717,13317,13185,6734259,6005611046,11450.141,8650.5062,5,15,677
반포1동,2,1,12166,30849,30849,3791186,24663969188,34971.2164,37587.3594,10,792,1517
반포2동,1,1.35,5592,19881,14727,6596014,14309842980,20526.0694,21919.8126,5,30,452
반포3동,2,1.28,6356,20920,16344,3528027.763,10397154720,21202.624,26291.8094,4,52,922
반포4동,2,1.43,6476,20745,14507,6576972,11949909953,40545.2199,58917.5509,16,690,3594
방배본동,2,0.67,7141,22153,33064,5146298,19737190160,24004.0781,24144.0315,5,697,1670
방배1동,2,0.7,6480,17538,25054,4023312,15228880743,19776.899,22094.6106,4,853,1767
방배2동,2,1.93,10111,28361,14695,3699921,16332321012,25882.236,33059.5548,2,1222,1957
방배3동,1,2.4,7866,24400,10167,5710881,11548321387,24825.4659,16037.4231,4,480,1222
방배4동,2,0.98,9295,26446,26986,5119227,20756736984,24068.9185,22098.1642,12,1238,2384
양재1동,1,5.76,16182,47859,8309,4167147,5588513562,47079.292,43557.7891,12,1332,3631
양재2동,1,7.58,9402,23633,3118,3265964,9406592258,36340.7529,38476.1793,16,1659,5257
내곡동,1,12.68,6083,18742,1478,3741384,2390909133,25771.8431,22853.7054,1,348,667
신사동,1,0.64,11160,26976,42150,2730270,21080234634,24519.4169,19608.6466,2,1834,1422
논현1동,1,1.25,12205,25307,20246,3220107,13133900768,38282.4174,44047.5037,15,2101,5788
논현2동,0,1.47,9983,23082,15702,3926834,8997846239,36427.1562,41423.0849,21,2153,5656
삼성1동,2,1.94,5137,15531,8006,3961868,6408887436,31158.836,50152.5728,30,786,4330
삼성2동,2,1.24,11587,31343,25277,5218587,18083153088,35931.7264,30237.8972,15,1181,3734
대치1동,2,0.79,5857,23283,29472,3269120.179,15449110316,25203.0461,27831.644,13,125,1066
대치4동,0,0.73,9166,21630,29630,4325768,16722049727,29154.8949,39679.189,15,1313,3716
역삼1동,2,2.35,18741,36450,15511,3496440,10675750059,79455.1947,107976.8404,56,3569,15079
역삼2동,1,1.15,12666,36314,31577,3406522.348,14473225187,45080.0483,39936.7878,13,1040,3416
도곡1동,2,1.02,7581,22693,22248,3528027.763,10397154720,25904.5253,23955.2564,10,447,1614
도곡2동,0,1.02,10835,35307,34615,7346227,18560962128,27895.0799,24355.2389,22,335,1926
개포1동,1,1.27,7716,21700,17087,3528027.763,10397154720,8202.5721,4495.4752,1,28,503
개포4동,2,1.49,8254,22135,14856,3528027.763,10397154720,18321.1197,15328.3946,4,1023,2221
일원본동,1,2.58,7571,25350,9826,5887718,7499210919,23753.8505,19497.7442,5,130,564
일원1동,2,0.92,6856,17627,19160,3895382,13694837574,18911.0678,16464.8125,2,806,1870
일원2동,0,1.24,6168,16621,13404,4128585,11017762962,16295.36,13125.9788,3,21,636
수서동,2,1.43,6948,15732,11001,3608399,5756424677,24975.7541,24871.2868,4,91,1584
세곡동,0,6.36,14422,43302,6808,3406522.348,14473225187,45842.8777,38495.8044,1,549,950
압구정동,1,2.53,9321,28735,11358,7481497,9370049004,43215.6821,50703.98,27,1040,4314
청담동,1,2.33,10797,31129,13360,5155179,7167778669,40765.31,42867.5969,20,1576,4497
대치2동,0,2,12604,42565,21283,5402903,14325096429,47196.5068,47403.4977,22,703,3468
개포2동,2,2.51,10081,27354,10898,3057068,4725703994,15125.1707,17940.8483,3,147,846
풍납1동,2,0.77,6859,18782,24392,3425339,6854216484,17908.3404,19444.0066,0,526,770
풍납2동,1,1.59,9695,27259,17144,4335742,7100589193,36494.0471,31175.4796,5,660,1182
거여1동,1,0.51,5162,15228,29859,3528027.763,10397154720,12773.0914,14894.3431,0,452,881
거여2동,1,0.53,9169,24101,45474,3056353,8895697723,14451.8134,11378.7411,3,464,951
마천1동,1,0.58,8211,23255,40095,2479006,11736377923,12501.5271,7996.9457,1,622,948
마천2동,0,0.89,7608,21683,24363,2595688,16407017180,15529.359,16467.769,2,769,1373
방이1동,2,0.5,5440,16617,33234,4104086,21403260721,16839.063,17721.3497,2,635,1326
방이2동,1,0.8,10811,25848,32310,3111601,19283587936,33731.2425,38758.9922,5,1522,2969
오륜동,1,3.17,5539,19999,6309,3528027.763,10397154720,22028.7855,35920.3692,6,20,516
오금동,2,1.65,12233,37291,22601,4886699,13049609215,37600.6309,35722.3762,6,1246,2427
송파1동,2,0.79,10717,27046,34235,3502948,25281670973,28781.6243,27133.2083,7,1488,2487
송파2동,1,0.53,6802,22275,42028,4325467,14137882871,18524.8156,15044.696,2,423,936
석촌동,1,0.95,14241,35478,37345,3118094,23034678489,29720.7706,27455.3993,8,2048,2663
삼전동,0,0.95,13888,34293,36098,3079004,33413380837,32439.0354,29670.6939,4,1869,2050
가락본동,2,1.13,10227,28918,25591,3600709,15586717411,36102.6088,34440.7649,9,998,3598
가락1동,2,1.34,215,968,722,3528027.763,10397154720,17701.9456,20271.4052,5,3,2865
가락2동,2,0.96,11199,35434,36910,4198828,22567977598,30706.6396,28900.3573,6,934,1909
문정1동,2,0.56,7457,22013,39309,3554822,18555246327,22692.3789,19702.7063,2,771,1381
문정2동,2,2.2,6760,18824,8556,3528027.763,10397154720,41102.178,47144.32,13,42,3823
장지동,2,1.37,12145,35930,26226,3406522.348,14473225187,33413.8919,32218.7397,3,727,1426
잠실본동,0,0.94,12782,30898,32870,3629205,29644062165,36824.1497,42171.0227,9,1695,3149
잠실4동,2,1.56,9545,30924,19823,5944122,24350497365,27263.8513,22107.8742,4,13,503
잠실6동,2,2.79,5409,17826,6389,5969837,9979242544,36162.1422,63454.6685,18,33,2493
잠실7동,2,0.6,3172,10433,17388,4716299,8895901784,10928.6661,8617.9835,4,3,199
잠실2동,2,2.18,10995,37033,16988,3406522.348,14473225187,37282.0525,37967.1446,7,18,821
잠실3동,2,1.49,11167,37094,24895,3406522.348,14473225187,47173.7235,65412.9552,11,14,1580
강일동,1,2.8,10109,34023,12151,3528027.763,10397154720,36821.3079,30756.9661,6,102,946
상일동,1,2.65,8280,24471,9234,3229947,5369445972,18138.7988,17337.7096,1,500,1018
명일1동,2,0.61,7661,23430,38410,3163513,17710148122,26279.5588,27898.4373,7,479,1681
명일2동,1,0.97,5482,18672,19249,3528027.763,10397154720,18011.6499,18796.9797,6,641,1151
고덕1동,1,1.73,5209,16548,9565,4180915,8266712225,15799.1689,13699.7339,0,672,610
고덕2동,1,2.01,3677,9223,4589,3528027.763,10397154720,10526.9511,8726.2113,0,986,1786
암사2동,1,1.18,5662,16159,13694,3528027.763,10397154720,17757.8561,16525.5625,3,338,864
암사3동,0,2.51,5808,19249,7669,3528027.763,10397154720,15960.6695,14233.8379,1,274,609
천호1동,1,0.71,11174,29636,41741,3269120.179,15449110316,45228.786,38571.5938,1,1383,1529
천호3동,1,0.79,10606,26047,32971,3269120.179,15449110316,33090.8832,34488.6389,3,692,1863
성내1동,1,0.58,6686,19657,33891,3700442,18533083334,25501.7427,24347.6762,5,789,2105
성내2동,2,0.67,10719,26227,39145,3126482,18315343979,27923.4234,29061.3741,3,1188,1978
성내3동,1,0.71,9339,25189,35477,3229360,15985623739,28374.1923,30203.9351,5,1222,2461
둔촌1동,1,0.92,5865,19264,20939,3182902,8858372076,6725.5856,7700.9413,0,13,408
둔촌2동,0,0.98,9839,28988,29580,3269120.179,15449110316,29989.8088,26746.1554,6,828,1637
암사1동,0,1.02,14086,37753,37013,2937607,38939626407,36845.6413,31442.7175,2,1849,1927
천호2동,2,1.57,14853,37065,23608,2758484,26736805316,44755.3019,52403.7708,4,1786,3707
길동,0,2.17,19039,51720,23834,3245024,27787337699,52132.0263,53193.3396,9,1768,3988
